{
  "name": "Enjoy",
  "vendorId": "0xDE29",
  "productId": "0x7308",
  "lighting": "qmk_backlight",
  "matrix": {
    "rows": 8,
    "cols": 6
  },
  "layouts": {
    "keymap": [
      ["0,0", "0,1", "0,2", "0,3", "0,4", "0,5", "7,5", "7,4", "7,3", "7,2", "7,1", "7,0"],
      [{"w": 1.25}, "1,0", "1,1", "1,2", "1,3", "1,4", "1,5", "6,5", "6,4", "6,3", "6,2", {"w": 1.75}, "6,0"],
      [{"w": 1.75}, "2,0", "2,2", "2,3", "2,4", "2,5", "5,5", "5,4", "5,3", "5,2", "5,1", {"w": 1.25}, "5,0"],
      [{"w": 1.25}, "3,0", "3,1", {"w": 1.25}, "3,3", {"w": 3}, "3,5", "4,4", "4,3", {"w": 1.25}, "4,2", "4,1", {"w": 1.25}, "4,0"],
      [{"x": 1, "y": 0.5}, "2,1"],
      ["6,1", "3,2", "3,4"],
      [{"x": 1}, "4,5"]
    ]
  }
}